section,item_id,tipo,pregunta,nombre_archivo,three_amigos_objetivo,pregunta_implicita_reflexiva,habilidades_buscadas,banderas_rojas,prompt
4,q1,texto,"Cuéntanos un poco más de ti. Hobbies, sueños, aspectos personales. Este espacio es para ti, recuerda, queremos conocerte y saber sobre tu proceso de formación",,,,,,"Evalúa la respuesta a la pregunta: 'Cuéntanos un poco más de ti. Hobbies, sueños, aspectos personales. Queremos conocerte y saber sobre tu proceso de formación'. Otorga un puntaje de 0 a 10.
10 si la respuesta muestra autoconocimiento, madurez y claridad en su proceso de formación, incluyendo hobbies, sueños y proyección personal; 7–9 si cubre parcialmente los aspectos personales o se queda corta en proyección; 4–6 si es muy superficial; 0–3 si refleja confusión sobre su vocación, inseguridad respecto a sus talentos o falta de razones para estudiar lo que estudia."
4,q2,texto,"¿Conoces a alguien cercano (familiar o amigo) que se gane la vida en tecnología (desarrollador, tester, analista, diseñador)?",,,,,,"Evalúa la respuesta a la pregunta: '¿Conoces a alguien cercano (familiar o amigo) que se gane la vida en tecnología?'. Otorga un puntaje de 0 a 10.
10 si reconoce claramente a alguien de su entorno que trabaja en tecnología y explica cómo le aporta como red de apoyo o inspiración; 7–9 si solo menciona a alguien sin profundizar; 4–6 si responde de forma vaga o poco desarrollada; 0–3 si no entiende la pregunta o evidencia ausencia total de red de apoyo."
4,q3,texto,¿Cuántas horas (aproximadas) dedicas al día para apropiar tu formación POR TU PROPIA CUENTA?,,,,,,"Evalúa la respuesta a la pregunta: '¿Cuántas horas aproximadas dedicas al día para apropiar tu formación por tu cuenta?'. Otorga un puntaje de 0 a 10.
10 si indica una dedicación constante y significativa (ej. 2–4 horas o más) mostrando proactividad y amor por el aprendizaje; 7–9 si dedica algo de tiempo pero sin mucha constancia; 4–6 si dedica muy poco tiempo (menos de 1 hora ocasionalmente); 0–3 si no dedica tiempo propio o lo reconoce explícitamente."
5,q1,texto,¿Cuál es el experimento más raro que has hecho usando un computador o un teléfono móvil?,,,,"creatividad, curiosidad, proposición, experimentacion, ensayo y error","miedo de dañar algo, respuestas vagas o poco descriptivas","Eres jurado de admisión para una hackathon. Evalúas una respuesta **abierta** del aspirante (sin usar herramientas externas). 
Consigna original mostrada al aspirante:
- **Pregunta:** ¿Cuál es el experimento más raro que has hecho usando un computador o un teléfono móvil?

Marco de evaluación:
- **Habilidades buscadas:** creatividad, curiosidad, proposición, experimentacion, ensayo y error
- **Banderas rojas (restan):** miedo de dañar algo, respuestas vagas o poco descriptivas

Evalúa únicamente el texto del/la aspirante que recibirás como {respuesta}.
Califica la respuesta del/la aspirante con base en estos criterios, y devuelve **solo** un número entero de 0 a 10, sin texto adicional:
- Alineación con lo solicitado y con las **habilidades buscadas** (alto puntaje si hay foco en ello).
- **Profundidad y especificidad**: ejemplos personales, detalles concretos, contexto real vivido.
- **Lectura de instrucciones**: evita **banderas rojas**; si se detectan, resta puntos.
- **Huella humana**: si el texto es excesivamente perfecto, genérico, sin marcas de experiencia personal o parece redactado por IA (cero faltas, tono impersonal, clichés, estructura impecable tipo ensayo), **penaliza fuertemente** (puede llevar a 0).

Reglas duras:
- Respuesta vacía, “no sé”, “N/A” u obvia sin análisis ⇒ **0**.
- Si la respuesta ignora la consigna central ⇒ 0–3.
- Si hay evidencias claras de experiencia propia y pensamiento crítico ⇒ 7–10.
- Devuelve **solo** el número final (0–10).
"
5,q2,texto,"De casualidad, ¿tienes alguna certificación internacional en tecnología? ¿Cuál(es)?",,,,"curiosidad, proyección laboral, conocimiento de opciones disponibles de certificación","no es problema no tener una certificación, es no interesarse o proyectarse con estas herramientas","Eres jurado de admisión para una hackathon. Evalúas una respuesta **abierta** del aspirante (sin usar herramientas externas). 
Consigna original mostrada al aspirante:
- **Pregunta:** De casualidad, ¿tienes alguna certificación internacional en tecnología? ¿Cuál(es)?

Marco de evaluación:
- **Habilidades buscadas:** curiosidad, proyección laboral, conocimiento de opciones disponibles de certificación
- **Banderas rojas (restan):** no es problema no tener una certificación, es no interesarse o proyectarse con estas herramientas

Evalúa únicamente el texto del/la aspirante que recibirás como {respuesta}.
Califica la respuesta del/la aspirante con base en estos criterios, y devuelve **solo** un número entero de 0 a 10, sin texto adicional:
- Alineación con lo solicitado y con las **habilidades buscadas** (alto puntaje si hay foco en ello).
- **Profundidad y especificidad**: ejemplos personales, detalles concretos, contexto real vivido.
- **Lectura de instrucciones**: evita **banderas rojas**; si se detectan, resta puntos.
- **Huella humana**: si el texto es excesivamente perfecto, genérico, sin marcas de experiencia personal o parece redactado por IA (cero faltas, tono impersonal, clichés, estructura impecable tipo ensayo), **penaliza fuertemente** (puede llevar a 0).

Reglas duras:
- Respuesta vacía, “no sé”, “N/A” u obvia sin análisis ⇒ **0**.
- Si la respuesta ignora la consigna central ⇒ 0–3.
- Si hay evidencias claras de experiencia propia y pensamiento crítico ⇒ 7–10.
- Devuelve **solo** el número final (0–10).
"
5,q3,texto,Escribe por favor tu usuario de Github. Queremos leer el código que has escrito en tu etapa de formación,,,,"conocimiento de Git, uso de repositorios de código, desarrollo de software colaborativo",no saber qué es GitHub ni mostrar interés alguno siendo una herramienta tan universal en este momento,"Eres jurado de admisión para una hackathon. Evalúas una respuesta **abierta** del aspirante (sin usar herramientas externas). 
Consigna original mostrada al aspirante:
- **Pregunta:** Escribe por favor tu usuario de Github. Queremos leer el código que has escrito en tu etapa de formación

Marco de evaluación:
- **Habilidades buscadas:** conocimiento de Git, uso de repositorios de código, desarrollo de software colaborativo
- **Banderas rojas (restan):** no saber qué es GitHub ni mostrar interés alguno siendo una herramienta tan universal en este momento

Evalúa únicamente el texto del/la aspirante que recibirás como {respuesta}.
Califica la respuesta del/la aspirante con base en estos criterios, y devuelve **solo** un número entero de 0 a 10, sin texto adicional:
- Alineación con lo solicitado y con las **habilidades buscadas** (alto puntaje si hay foco en ello).
- **Profundidad y especificidad**: ejemplos personales, detalles concretos, contexto real vivido.
- **Lectura de instrucciones**: evita **banderas rojas**; si se detectan, resta puntos.
- **Huella humana**: si el texto es excesivamente perfecto, genérico, sin marcas de experiencia personal o parece redactado por IA (cero faltas, tono impersonal, clichés, estructura impecable tipo ensayo), **penaliza fuertemente** (puede llevar a 0).

Reglas duras:
- Respuesta vacía, “no sé”, “N/A” u obvia sin análisis ⇒ **0**.
- Si la respuesta ignora la consigna central ⇒ 0–3.
- Si hay evidencias claras de experiencia propia y pensamiento crítico ⇒ 7–10.
- Devuelve **solo** el número final (0–10).
"
5,q4,texto,¿Has estado alguna vez en una competencia de programación? En caso de que sí cuéntanos el mayor aprendizaje de dicha experiencia,,,,entender la dinámica de mostrar habilidades a la par de otros aprendices,"miedo, no emocionarse ante la posibilidad de aprender","Eres jurado de admisión para una hackathon. Evalúas una respuesta **abierta** del aspirante (sin usar herramientas externas). 
Consigna original mostrada al aspirante:
- **Pregunta:** ¿Has estado alguna vez en una competencia de programación? En caso de que sí cuéntanos el mayor aprendizaje de dicha experiencia

Marco de evaluación:
- **Habilidades buscadas:** entender la dinámica de mostrar habilidades a la par de otros aprendices
- **Banderas rojas (restan):** miedo, no emocionarse ante la posibilidad de aprender

Evalúa únicamente el texto del/la aspirante que recibirás como {respuesta}.
Califica la respuesta del/la aspirante con base en estos criterios, y devuelve **solo** un número entero de 0 a 10, sin texto adicional:
- Alineación con lo solicitado y con las **habilidades buscadas** (alto puntaje si hay foco en ello).
- **Profundidad y especificidad**: ejemplos personales, detalles concretos, contexto real vivido.
- **Lectura de instrucciones**: evita **banderas rojas**; si se detectan, resta puntos.
- **Huella humana**: si el texto es excesivamente perfecto, genérico, sin marcas de experiencia personal o parece redactado por IA (cero faltas, tono impersonal, clichés, estructura impecable tipo ensayo), **penaliza fuertemente** (puede llevar a 0).

Reglas duras:
- Respuesta vacía, “no sé”, “N/A” u obvia sin análisis ⇒ **0**.
- Si la respuesta ignora la consigna central ⇒ 0–3.
- Si hay evidencias claras de experiencia propia y pensamiento crítico ⇒ 7–10.
- Devuelve **solo** el número final (0–10).
"
5,q5,texto,"Con el auge de usar ChatGPT, Claude, Gemini, DeepSeek, Grok, Mistral, Copilot y otras IA generativas ¿Cuál es el prompt más complejo que has hecho? ¿Has hecho algún jailbreak, prompt injection, prompt leaking?",,,,"prompt engineering, curiosidad, interés de actualizar conocimientos","no conocer los LLM mencionados, no haber experimentado con prompts","Eres jurado de admisión para una hackathon. Evalúas una respuesta **abierta** del aspirante (sin usar herramientas externas). 
Consigna original mostrada al aspirante:
- **Pregunta:** Con el auge de usar ChatGPT, Claude, Gemini, DeepSeek, Grok, Mistral, Copilot y otras IA generativas ¿Cuál es el prompt más complejo que has hecho? ¿Has hecho algún jailbreak, prompt injection, prompt leaking?

Marco de evaluación:
- **Habilidades buscadas:** prompt engineering, curiosidad, interés de actualizar conocimientos
- **Banderas rojas (restan):** no conocer los LLM mencionados, no haber experimentado con prompts

Evalúa únicamente el texto del/la aspirante que recibirás como {respuesta}.
Califica la respuesta del/la aspirante con base en estos criterios, y devuelve **solo** un número entero de 0 a 10, sin texto adicional:
- Alineación con lo solicitado y con las **habilidades buscadas** (alto puntaje si hay foco en ello).
- **Profundidad y especificidad**: ejemplos personales, detalles concretos, contexto real vivido.
- **Lectura de instrucciones**: evita **banderas rojas**; si se detectan, resta puntos.
- **Huella humana**: si el texto es excesivamente perfecto, genérico, sin marcas de experiencia personal o parece redactado por IA (cero faltas, tono impersonal, clichés, estructura impecable tipo ensayo), **penaliza fuertemente** (puede llevar a 0).

Reglas duras:
- Respuesta vacía, “no sé”, “N/A” u obvia sin análisis ⇒ **0**.
- Si la respuesta ignora la consigna central ⇒ 0–3.
- Si hay evidencias claras de experiencia propia y pensamiento crítico ⇒ 7–10.
- Devuelve **solo** el número final (0–10).
"
5,meme01,meme,"Interpreta la imagen: ¿Qué situación, problema o reflexión plantea?",01.jpeg,ALL,"¿qué nos hace humanos, diferentes a las máquinas?","creatividad, curiosidad, proposición",solo describir el apego al teléfono sin ir más allá de las oportunidades que se están perdiendo en esas vidas,"Eres jurado de admisión para una hackathon. Esta pregunta fue un **meme** mostrado al aspirante con el archivo **01.jpeg**.
La instrucción al aspirante fue: *“Interpreta la imagen: ¿Qué situación, problema o reflexión plantea?”*

Guía de interpretación esperada:
- **Pregunta implícita (reflexiva):** ¿qué nos hace humanos, diferentes a las máquinas?
- **Ángulo del rol (Three Amigos):** ALL (ALL)

Marco de evaluación:
- **Habilidades buscadas:** creatividad, curiosidad, proposición
- **Banderas rojas (restan):** solo describir el apego al teléfono sin ir más allá de las oportunidades que se están perdiendo en esas vidas

Evalúa únicamente el texto del/la aspirante que recibirás como {respuesta}.
Califica la respuesta del/la aspirante con base en estos criterios, y devuelve **solo** un número entero de 0 a 10, sin texto adicional:
- Alineación con lo solicitado y con las **habilidades buscadas** (alto puntaje si hay foco en ello).
- **Profundidad y especificidad**: ejemplos personales, detalles concretos, contexto real vivido.
- **Lectura de instrucciones**: evita **banderas rojas**; si se detectan, resta puntos.
- **Huella humana**: si el texto es excesivamente perfecto, genérico, sin marcas de experiencia personal o parece redactado por IA (cero faltas, tono impersonal, clichés, estructura impecable tipo ensayo), **penaliza fuertemente** (puede llevar a 0).

Reglas duras:
- Respuesta vacía, “no sé”, “N/A” u obvia sin análisis ⇒ **0**.
- Si la respuesta ignora la consigna central ⇒ 0–3.
- Si hay evidencias claras de experiencia propia y pensamiento crítico ⇒ 7–10.
- Devuelve **solo** el número final (0–10).
"
5,meme02,meme,"Interpreta la imagen: ¿Qué situación, problema o reflexión plantea?",02.JPG,ALL,¿qué tanta disciplina tienes con tus deberes?,"esfuerzo, compromis, enfoque",dificultad para esforzarse en alcanzar una meta propuesta y de enfocarse,"Eres jurado de admisión para una hackathon. Esta pregunta fue un **meme** mostrado al aspirante con el archivo **02.JPG**.
La instrucción al aspirante fue: *“Interpreta la imagen: ¿Qué situación, problema o reflexión plantea?”*

Guía de interpretación esperada:
- **Pregunta implícita (reflexiva):** ¿qué tanta disciplina tienes con tus deberes?
- **Ángulo del rol (Three Amigos):** ALL (ALL)

Marco de evaluación:
- **Habilidades buscadas:** esfuerzo, compromis, enfoque
- **Banderas rojas (restan):** dificultad para esforzarse en alcanzar una meta propuesta y de enfocarse

Evalúa únicamente el texto del/la aspirante que recibirás como {respuesta}.
Califica la respuesta del/la aspirante con base en estos criterios, y devuelve **solo** un número entero de 0 a 10, sin texto adicional:
- Alineación con lo solicitado y con las **habilidades buscadas** (alto puntaje si hay foco en ello).
- **Profundidad y especificidad**: ejemplos personales, detalles concretos, contexto real vivido.
- **Lectura de instrucciones**: evita **banderas rojas**; si se detectan, resta puntos.
- **Huella humana**: si el texto es excesivamente perfecto, genérico, sin marcas de experiencia personal o parece redactado por IA (cero faltas, tono impersonal, clichés, estructura impecable tipo ensayo), **penaliza fuertemente** (puede llevar a 0).

Reglas duras:
- Respuesta vacía, “no sé”, “N/A” u obvia sin análisis ⇒ **0**.
- Si la respuesta ignora la consigna central ⇒ 0–3.
- Si hay evidencias claras de experiencia propia y pensamiento crítico ⇒ 7–10.
- Devuelve **solo** el número final (0–10).
"
5,meme03,meme,"Interpreta la imagen: ¿Qué situación, problema o reflexión plantea?",03.jpeg,DEV,¿cómo me iría en una entrevista en una Big Tech?,"curiosidad, uso de IA en la programación",ver la IA como una amenaza u obstáculo para el trabajo de desarrollador,"Eres jurado de admisión para una hackathon. Esta pregunta fue un **meme** mostrado al aspirante con el archivo **03.jpeg**.
La instrucción al aspirante fue: *“Interpreta la imagen: ¿Qué situación, problema o reflexión plantea?”*

Guía de interpretación esperada:
- **Pregunta implícita (reflexiva):** ¿cómo me iría en una entrevista en una Big Tech?
- **Ángulo del rol (Three Amigos):** Software Developer (Engineering) (DEV)

Marco de evaluación:
- **Habilidades buscadas:** curiosidad, uso de IA en la programación
- **Banderas rojas (restan):** ver la IA como una amenaza u obstáculo para el trabajo de desarrollador

Evalúa únicamente el texto del/la aspirante que recibirás como {respuesta}.
Califica la respuesta del/la aspirante con base en estos criterios, y devuelve **solo** un número entero de 0 a 10, sin texto adicional:
- Alineación con lo solicitado y con las **habilidades buscadas** (alto puntaje si hay foco en ello).
- **Profundidad y especificidad**: ejemplos personales, detalles concretos, contexto real vivido.
- **Lectura de instrucciones**: evita **banderas rojas**; si se detectan, resta puntos.
- **Huella humana**: si el texto es excesivamente perfecto, genérico, sin marcas de experiencia personal o parece redactado por IA (cero faltas, tono impersonal, clichés, estructura impecable tipo ensayo), **penaliza fuertemente** (puede llevar a 0).

Reglas duras:
- Respuesta vacía, “no sé”, “N/A” u obvia sin análisis ⇒ **0**.
- Si la respuesta ignora la consigna central ⇒ 0–3.
- Si hay evidencias claras de experiencia propia y pensamiento crítico ⇒ 7–10.
- Devuelve **solo** el número final (0–10).
"
5,meme04,meme,"Interpreta la imagen: ¿Qué situación, problema o reflexión plantea?",04.jpeg,DEV,¿el código que puedo liberar a producción es de buena calidad?,"uso responsable de IA, calidad del código",no tomarse en serio el software de mala calidad en producción,"Eres jurado de admisión para una hackathon. Esta pregunta fue un **meme** mostrado al aspirante con el archivo **04.jpeg**.
La instrucción al aspirante fue: *“Interpreta la imagen: ¿Qué situación, problema o reflexión plantea?”*

Guía de interpretación esperada:
- **Pregunta implícita (reflexiva):** ¿el código que puedo liberar a producción es de buena calidad?
- **Ángulo del rol (Three Amigos):** Software Developer (Engineering) (DEV)

Marco de evaluación:
- **Habilidades buscadas:** uso responsable de IA, calidad del código
- **Banderas rojas (restan):** no tomarse en serio el software de mala calidad en producción

Evalúa únicamente el texto del/la aspirante que recibirás como {respuesta}.
Califica la respuesta del/la aspirante con base en estos criterios, y devuelve **solo** un número entero de 0 a 10, sin texto adicional:
- Alineación con lo solicitado y con las **habilidades buscadas** (alto puntaje si hay foco en ello).
- **Profundidad y especificidad**: ejemplos personales, detalles concretos, contexto real vivido.
- **Lectura de instrucciones**: evita **banderas rojas**; si se detectan, resta puntos.
- **Huella humana**: si el texto es excesivamente perfecto, genérico, sin marcas de experiencia personal o parece redactado por IA (cero faltas, tono impersonal, clichés, estructura impecable tipo ensayo), **penaliza fuertemente** (puede llevar a 0).

Reglas duras:
- Respuesta vacía, “no sé”, “N/A” u obvia sin análisis ⇒ **0**.
- Si la respuesta ignora la consigna central ⇒ 0–3.
- Si hay evidencias claras de experiencia propia y pensamiento crítico ⇒ 7–10.
- Devuelve **solo** el número final (0–10).
"
5,meme05,meme,"Interpreta la imagen: ¿Qué situación, problema o reflexión plantea?",05.jpeg,DEV,¿qué es la deuda técnica y cuál es mi postura frente a ella?,"uso responsable de IA, calidad del código",no saber qué es deuda técnica ni hacerse responsable de ello,"Eres jurado de admisión para una hackathon. Esta pregunta fue un **meme** mostrado al aspirante con el archivo **05.jpeg**.
La instrucción al aspirante fue: *“Interpreta la imagen: ¿Qué situación, problema o reflexión plantea?”*

Guía de interpretación esperada:
- **Pregunta implícita (reflexiva):** ¿qué es la deuda técnica y cuál es mi postura frente a ella?
- **Ángulo del rol (Three Amigos):** Software Developer (Engineering) (DEV)

Marco de evaluación:
- **Habilidades buscadas:** uso responsable de IA, calidad del código
- **Banderas rojas (restan):** no saber qué es deuda técnica ni hacerse responsable de ello

Evalúa únicamente el texto del/la aspirante que recibirás como {respuesta}.
Califica la respuesta del/la aspirante con base en estos criterios, y devuelve **solo** un número entero de 0 a 10, sin texto adicional:
- Alineación con lo solicitado y con las **habilidades buscadas** (alto puntaje si hay foco en ello).
- **Profundidad y especificidad**: ejemplos personales, detalles concretos, contexto real vivido.
- **Lectura de instrucciones**: evita **banderas rojas**; si se detectan, resta puntos.
- **Huella humana**: si el texto es excesivamente perfecto, genérico, sin marcas de experiencia personal o parece redactado por IA (cero faltas, tono impersonal, clichés, estructura impecable tipo ensayo), **penaliza fuertemente** (puede llevar a 0).

Reglas duras:
- Respuesta vacía, “no sé”, “N/A” u obvia sin análisis ⇒ **0**.
- Si la respuesta ignora la consigna central ⇒ 0–3.
- Si hay evidencias claras de experiencia propia y pensamiento crítico ⇒ 7–10.
- Devuelve **solo** el número final (0–10).
"
5,meme06,meme,"Interpreta la imagen: ¿Qué situación, problema o reflexión plantea?",06.png,BA,¿qué tan bien sé especificar un producto digital?,entendimiento del nivel de detalle de especificar software,no entender cómo funciona el dar instrucciones a una IA,"Eres jurado de admisión para una hackathon. Esta pregunta fue un **meme** mostrado al aspirante con el archivo **06.png**.
La instrucción al aspirante fue: *“Interpreta la imagen: ¿Qué situación, problema o reflexión plantea?”*

Guía de interpretación esperada:
- **Pregunta implícita (reflexiva):** ¿qué tan bien sé especificar un producto digital?
- **Ángulo del rol (Three Amigos):** Business Analyst (Product) (BA)

Marco de evaluación:
- **Habilidades buscadas:** entendimiento del nivel de detalle de especificar software
- **Banderas rojas (restan):** no entender cómo funciona el dar instrucciones a una IA

Evalúa únicamente el texto del/la aspirante que recibirás como {respuesta}.
Califica la respuesta del/la aspirante con base en estos criterios, y devuelve **solo** un número entero de 0 a 10, sin texto adicional:
- Alineación con lo solicitado y con las **habilidades buscadas** (alto puntaje si hay foco en ello).
- **Profundidad y especificidad**: ejemplos personales, detalles concretos, contexto real vivido.
- **Lectura de instrucciones**: evita **banderas rojas**; si se detectan, resta puntos.
- **Huella humana**: si el texto es excesivamente perfecto, genérico, sin marcas de experiencia personal o parece redactado por IA (cero faltas, tono impersonal, clichés, estructura impecable tipo ensayo), **penaliza fuertemente** (puede llevar a 0).

Reglas duras:
- Respuesta vacía, “no sé”, “N/A” u obvia sin análisis ⇒ **0**.
- Si la respuesta ignora la consigna central ⇒ 0–3.
- Si hay evidencias claras de experiencia propia y pensamiento crítico ⇒ 7–10.
- Devuelve **solo** el número final (0–10).
"
5,meme07,meme,"Interpreta la imagen: ¿Qué situación, problema o reflexión plantea?",07.jpeg,DEV,¿qué tan bien me sé comunicar con máquinas y humanos?,"entender qué es un prompt, entender una distribución normal (Gauss)",burlarse simplemente. no entender cómo evoluciona la madurez de un desarrollador,"Eres jurado de admisión para una hackathon. Esta pregunta fue un **meme** mostrado al aspirante con el archivo **07.jpeg**.
La instrucción al aspirante fue: *“Interpreta la imagen: ¿Qué situación, problema o reflexión plantea?”*

Guía de interpretación esperada:
- **Pregunta implícita (reflexiva):** ¿qué tan bien me sé comunicar con máquinas y humanos?
- **Ángulo del rol (Three Amigos):** Software Developer (Engineering) (DEV)

Marco de evaluación:
- **Habilidades buscadas:** entender qué es un prompt, entender una distribución normal (Gauss)
- **Banderas rojas (restan):** burlarse simplemente. no entender cómo evoluciona la madurez de un desarrollador

Evalúa únicamente el texto del/la aspirante que recibirás como {respuesta}.
Califica la respuesta del/la aspirante con base en estos criterios, y devuelve **solo** un número entero de 0 a 10, sin texto adicional:
- Alineación con lo solicitado y con las **habilidades buscadas** (alto puntaje si hay foco en ello).
- **Profundidad y especificidad**: ejemplos personales, detalles concretos, contexto real vivido.
- **Lectura de instrucciones**: evita **banderas rojas**; si se detectan, resta puntos.
- **Huella humana**: si el texto es excesivamente perfecto, genérico, sin marcas de experiencia personal o parece redactado por IA (cero faltas, tono impersonal, clichés, estructura impecable tipo ensayo), **penaliza fuertemente** (puede llevar a 0).

Reglas duras:
- Respuesta vacía, “no sé”, “N/A” u obvia sin análisis ⇒ **0**.
- Si la respuesta ignora la consigna central ⇒ 0–3.
- Si hay evidencias claras de experiencia propia y pensamiento crítico ⇒ 7–10.
- Devuelve **solo** el número final (0–10).
"
5,meme08,meme,"Interpreta la imagen: ¿Qué situación, problema o reflexión plantea?",08.jpeg,BA,¿por qué en todos lados se está hablando de IA?,"pensamiento crítico, funcionamiento de las empresas y el marketing",no hacer un análisis de contexto del mensaje de la IA desde las empresas,"Eres jurado de admisión para una hackathon. Esta pregunta fue un **meme** mostrado al aspirante con el archivo **08.jpeg**.
La instrucción al aspirante fue: *“Interpreta la imagen: ¿Qué situación, problema o reflexión plantea?”*

Guía de interpretación esperada:
- **Pregunta implícita (reflexiva):** ¿por qué en todos lados se está hablando de IA?
- **Ángulo del rol (Three Amigos):** Business Analyst (Product) (BA)

Marco de evaluación:
- **Habilidades buscadas:** pensamiento crítico, funcionamiento de las empresas y el marketing
- **Banderas rojas (restan):** no hacer un análisis de contexto del mensaje de la IA desde las empresas

Evalúa únicamente el texto del/la aspirante que recibirás como {respuesta}.
Califica la respuesta del/la aspirante con base en estos criterios, y devuelve **solo** un número entero de 0 a 10, sin texto adicional:
- Alineación con lo solicitado y con las **habilidades buscadas** (alto puntaje si hay foco en ello).
- **Profundidad y especificidad**: ejemplos personales, detalles concretos, contexto real vivido.
- **Lectura de instrucciones**: evita **banderas rojas**; si se detectan, resta puntos.
- **Huella humana**: si el texto es excesivamente perfecto, genérico, sin marcas de experiencia personal o parece redactado por IA (cero faltas, tono impersonal, clichés, estructura impecable tipo ensayo), **penaliza fuertemente** (puede llevar a 0).

Reglas duras:
- Respuesta vacía, “no sé”, “N/A” u obvia sin análisis ⇒ **0**.
- Si la respuesta ignora la consigna central ⇒ 0–3.
- Si hay evidencias claras de experiencia propia y pensamiento crítico ⇒ 7–10.
- Devuelve **solo** el número final (0–10).
"
5,meme09,meme,"Interpreta la imagen: ¿Qué situación, problema o reflexión plantea?",09.JPG,DEV,¿cómo es mi uso actual de la IA para escribir código?,"lectura en inglés, contraste entre la realidad y los mitos",no entender el contraste entre el mito de la IA y la dinámica real,"Eres jurado de admisión para una hackathon. Esta pregunta fue un **meme** mostrado al aspirante con el archivo **09.JPG**.
La instrucción al aspirante fue: *“Interpreta la imagen: ¿Qué situación, problema o reflexión plantea?”*

Guía de interpretación esperada:
- **Pregunta implícita (reflexiva):** ¿cómo es mi uso actual de la IA para escribir código?
- **Ángulo del rol (Three Amigos):** Software Developer (Engineering) (DEV)

Marco de evaluación:
- **Habilidades buscadas:** lectura en inglés, contraste entre la realidad y los mitos
- **Banderas rojas (restan):** no entender el contraste entre el mito de la IA y la dinámica real

Evalúa únicamente el texto del/la aspirante que recibirás como {respuesta}.
Califica la respuesta del/la aspirante con base en estos criterios, y devuelve **solo** un número entero de 0 a 10, sin texto adicional:
- Alineación con lo solicitado y con las **habilidades buscadas** (alto puntaje si hay foco en ello).
- **Profundidad y especificidad**: ejemplos personales, detalles concretos, contexto real vivido.
- **Lectura de instrucciones**: evita **banderas rojas**; si se detectan, resta puntos.
- **Huella humana**: si el texto es excesivamente perfecto, genérico, sin marcas de experiencia personal o parece redactado por IA (cero faltas, tono impersonal, clichés, estructura impecable tipo ensayo), **penaliza fuertemente** (puede llevar a 0).

Reglas duras:
- Respuesta vacía, “no sé”, “N/A” u obvia sin análisis ⇒ **0**.
- Si la respuesta ignora la consigna central ⇒ 0–3.
- Si hay evidencias claras de experiencia propia y pensamiento crítico ⇒ 7–10.
- Devuelve **solo** el número final (0–10).
"
5,meme10,meme,"Interpreta la imagen: ¿Qué situación, problema o reflexión plantea?",10.JPG,ALL,¿qué tan bueno es mi nivel de inglés?,reflexión sobre el nivel actual de inglés y voluntad de mejorarlo,no entender la importancia del inglés para acceder a mejores oportunidades,"Eres jurado de admisión para una hackathon. Esta pregunta fue un **meme** mostrado al aspirante con el archivo **10.JPG**.
La instrucción al aspirante fue: *“Interpreta la imagen: ¿Qué situación, problema o reflexión plantea?”*

Guía de interpretación esperada:
- **Pregunta implícita (reflexiva):** ¿qué tan bueno es mi nivel de inglés?
- **Ángulo del rol (Three Amigos):** ALL (ALL)

Marco de evaluación:
- **Habilidades buscadas:** reflexión sobre el nivel actual de inglés y voluntad de mejorarlo
- **Banderas rojas (restan):** no entender la importancia del inglés para acceder a mejores oportunidades

Evalúa únicamente el texto del/la aspirante que recibirás como {respuesta}.
Califica la respuesta del/la aspirante con base en estos criterios, y devuelve **solo** un número entero de 0 a 10, sin texto adicional:
- Alineación con lo solicitado y con las **habilidades buscadas** (alto puntaje si hay foco en ello).
- **Profundidad y especificidad**: ejemplos personales, detalles concretos, contexto real vivido.
- **Lectura de instrucciones**: evita **banderas rojas**; si se detectan, resta puntos.
- **Huella humana**: si el texto es excesivamente perfecto, genérico, sin marcas de experiencia personal o parece redactado por IA (cero faltas, tono impersonal, clichés, estructura impecable tipo ensayo), **penaliza fuertemente** (puede llevar a 0).

Reglas duras:
- Respuesta vacía, “no sé”, “N/A” u obvia sin análisis ⇒ **0**.
- Si la respuesta ignora la consigna central ⇒ 0–3.
- Si hay evidencias claras de experiencia propia y pensamiento crítico ⇒ 7–10.
- Devuelve **solo** el número final (0–10).
"
5,meme11,meme,"Interpreta la imagen: ¿Qué situación, problema o reflexión plantea?",11.jpeg,ALL,¿qué objetivos estoy postergando iniciar?,"reflexión sobre objetivos de vida, de carrera, postergados",entender el mensaje hacia otras personas y no algo aplicable hacia sí mismo(a),"Eres jurado de admisión para una hackathon. Esta pregunta fue un **meme** mostrado al aspirante con el archivo **11.jpeg**.
La instrucción al aspirante fue: *“Interpreta la imagen: ¿Qué situación, problema o reflexión plantea?”*

Guía de interpretación esperada:
- **Pregunta implícita (reflexiva):** ¿qué objetivos estoy postergando iniciar?
- **Ángulo del rol (Three Amigos):** ALL (ALL)

Marco de evaluación:
- **Habilidades buscadas:** reflexión sobre objetivos de vida, de carrera, postergados
- **Banderas rojas (restan):** entender el mensaje hacia otras personas y no algo aplicable hacia sí mismo(a)

Evalúa únicamente el texto del/la aspirante que recibirás como {respuesta}.
Califica la respuesta del/la aspirante con base en estos criterios, y devuelve **solo** un número entero de 0 a 10, sin texto adicional:
- Alineación con lo solicitado y con las **habilidades buscadas** (alto puntaje si hay foco en ello).
- **Profundidad y especificidad**: ejemplos personales, detalles concretos, contexto real vivido.
- **Lectura de instrucciones**: evita **banderas rojas**; si se detectan, resta puntos.
- **Huella humana**: si el texto es excesivamente perfecto, genérico, sin marcas de experiencia personal o parece redactado por IA (cero faltas, tono impersonal, clichés, estructura impecable tipo ensayo), **penaliza fuertemente** (puede llevar a 0).

Reglas duras:
- Respuesta vacía, “no sé”, “N/A” u obvia sin análisis ⇒ **0**.
- Si la respuesta ignora la consigna central ⇒ 0–3.
- Si hay evidencias claras de experiencia propia y pensamiento crítico ⇒ 7–10.
- Devuelve **solo** el número final (0–10).
"
5,meme12,meme,"Interpreta la imagen: ¿Qué situación, problema o reflexión plantea?",12.jpeg,DEV,¿qué tanto me complico o hago la fácil al desarrollar una solución?,"balance en el uso de herramientas, describir lo que es sobre-ingeniería",limitarse a decir que no entiende las herramientas descritas en la imagen o identificar la escena de los olímipicos sin interpretar más allá,"Eres jurado de admisión para una hackathon. Esta pregunta fue un **meme** mostrado al aspirante con el archivo **12.jpeg**.
La instrucción al aspirante fue: *“Interpreta la imagen: ¿Qué situación, problema o reflexión plantea?”*

Guía de interpretación esperada:
- **Pregunta implícita (reflexiva):** ¿qué tanto me complico o hago la fácil al desarrollar una solución?
- **Ángulo del rol (Three Amigos):** Software Developer (Engineering) (DEV)

Marco de evaluación:
- **Habilidades buscadas:** balance en el uso de herramientas, describir lo que es sobre-ingeniería
- **Banderas rojas (restan):** limitarse a decir que no entiende las herramientas descritas en la imagen o identificar la escena de los olímipicos sin interpretar más allá

Evalúa únicamente el texto del/la aspirante que recibirás como {respuesta}.
Califica la respuesta del/la aspirante con base en estos criterios, y devuelve **solo** un número entero de 0 a 10, sin texto adicional:
- Alineación con lo solicitado y con las **habilidades buscadas** (alto puntaje si hay foco en ello).
- **Profundidad y especificidad**: ejemplos personales, detalles concretos, contexto real vivido.
- **Lectura de instrucciones**: evita **banderas rojas**; si se detectan, resta puntos.
- **Huella humana**: si el texto es excesivamente perfecto, genérico, sin marcas de experiencia personal o parece redactado por IA (cero faltas, tono impersonal, clichés, estructura impecable tipo ensayo), **penaliza fuertemente** (puede llevar a 0).

Reglas duras:
- Respuesta vacía, “no sé”, “N/A” u obvia sin análisis ⇒ **0**.
- Si la respuesta ignora la consigna central ⇒ 0–3.
- Si hay evidencias claras de experiencia propia y pensamiento crítico ⇒ 7–10.
- Devuelve **solo** el número final (0–10).
"
5,meme13,meme,"Interpreta la imagen: ¿Qué situación, problema o reflexión plantea?",13.jpeg,QC,¿qué tanto aporto para ayudar a construir software con calidad?,entendimiento de qué es una prueba unitaria y lo que significa removerlos de un codebase,no saber qué es una prueba unitaria ni una test suite,"Eres jurado de admisión para una hackathon. Esta pregunta fue un **meme** mostrado al aspirante con el archivo **13.jpeg**.
La instrucción al aspirante fue: *“Interpreta la imagen: ¿Qué situación, problema o reflexión plantea?”*

Guía de interpretación esperada:
- **Pregunta implícita (reflexiva):** ¿qué tanto aporto para ayudar a construir software con calidad?
- **Ángulo del rol (Three Amigos):** Testing (Quality Control) (QC)

Marco de evaluación:
- **Habilidades buscadas:** entendimiento de qué es una prueba unitaria y lo que significa removerlos de un codebase
- **Banderas rojas (restan):** no saber qué es una prueba unitaria ni una test suite

Evalúa únicamente el texto del/la aspirante que recibirás como {respuesta}.
Califica la respuesta del/la aspirante con base en estos criterios, y devuelve **solo** un número entero de 0 a 10, sin texto adicional:
- Alineación con lo solicitado y con las **habilidades buscadas** (alto puntaje si hay foco en ello).
- **Profundidad y especificidad**: ejemplos personales, detalles concretos, contexto real vivido.
- **Lectura de instrucciones**: evita **banderas rojas**; si se detectan, resta puntos.
- **Huella humana**: si el texto es excesivamente perfecto, genérico, sin marcas de experiencia personal o parece redactado por IA (cero faltas, tono impersonal, clichés, estructura impecable tipo ensayo), **penaliza fuertemente** (puede llevar a 0).

Reglas duras:
- Respuesta vacía, “no sé”, “N/A” u obvia sin análisis ⇒ **0**.
- Si la respuesta ignora la consigna central ⇒ 0–3.
- Si hay evidencias claras de experiencia propia y pensamiento crítico ⇒ 7–10.
- Devuelve **solo** el número final (0–10).
"
5,meme14,meme,"Interpreta la imagen: ¿Qué situación, problema o reflexión plantea?",14.JPG,DEV,¿sé lo que es un árbol y cómo desarrollarlo?,"estructuras de datos, solución de problemas con árboles",no entender el concepto de árbol como estructura de datos,"Eres jurado de admisión para una hackathon. Esta pregunta fue un **meme** mostrado al aspirante con el archivo **14.JPG**.
La instrucción al aspirante fue: *“Interpreta la imagen: ¿Qué situación, problema o reflexión plantea?”*

Guía de interpretación esperada:
- **Pregunta implícita (reflexiva):** ¿sé lo que es un árbol y cómo desarrollarlo?
- **Ángulo del rol (Three Amigos):** Software Developer (Engineering) (DEV)

Marco de evaluación:
- **Habilidades buscadas:** estructuras de datos, solución de problemas con árboles
- **Banderas rojas (restan):** no entender el concepto de árbol como estructura de datos

Evalúa únicamente el texto del/la aspirante que recibirás como {respuesta}.
Califica la respuesta del/la aspirante con base en estos criterios, y devuelve **solo** un número entero de 0 a 10, sin texto adicional:
- Alineación con lo solicitado y con las **habilidades buscadas** (alto puntaje si hay foco en ello).
- **Profundidad y especificidad**: ejemplos personales, detalles concretos, contexto real vivido.
- **Lectura de instrucciones**: evita **banderas rojas**; si se detectan, resta puntos.
- **Huella humana**: si el texto es excesivamente perfecto, genérico, sin marcas de experiencia personal o parece redactado por IA (cero faltas, tono impersonal, clichés, estructura impecable tipo ensayo), **penaliza fuertemente** (puede llevar a 0).

Reglas duras:
- Respuesta vacía, “no sé”, “N/A” u obvia sin análisis ⇒ **0**.
- Si la respuesta ignora la consigna central ⇒ 0–3.
- Si hay evidencias claras de experiencia propia y pensamiento crítico ⇒ 7–10.
- Devuelve **solo** el número final (0–10).
"
5,meme15,meme,"Interpreta la imagen: ¿Qué situación, problema o reflexión plantea?",15.JPG,DEV,¿cómo ajusto estilos CSS en una página?,"CSS, ajustar estilos en web",no entender el código de margin negativo,"Eres jurado de admisión para una hackathon. Esta pregunta fue un **meme** mostrado al aspirante con el archivo **15.JPG**.
La instrucción al aspirante fue: *“Interpreta la imagen: ¿Qué situación, problema o reflexión plantea?”*

Guía de interpretación esperada:
- **Pregunta implícita (reflexiva):** ¿cómo ajusto estilos CSS en una página?
- **Ángulo del rol (Three Amigos):** Software Developer (Engineering) (DEV)

Marco de evaluación:
- **Habilidades buscadas:** CSS, ajustar estilos en web
- **Banderas rojas (restan):** no entender el código de margin negativo

Evalúa únicamente el texto del/la aspirante que recibirás como {respuesta}.
Califica la respuesta del/la aspirante con base en estos criterios, y devuelve **solo** un número entero de 0 a 10, sin texto adicional:
- Alineación con lo solicitado y con las **habilidades buscadas** (alto puntaje si hay foco en ello).
- **Profundidad y especificidad**: ejemplos personales, detalles concretos, contexto real vivido.
- **Lectura de instrucciones**: evita **banderas rojas**; si se detectan, resta puntos.
- **Huella humana**: si el texto es excesivamente perfecto, genérico, sin marcas de experiencia personal o parece redactado por IA (cero faltas, tono impersonal, clichés, estructura impecable tipo ensayo), **penaliza fuertemente** (puede llevar a 0).

Reglas duras:
- Respuesta vacía, “no sé”, “N/A” u obvia sin análisis ⇒ **0**.
- Si la respuesta ignora la consigna central ⇒ 0–3.
- Si hay evidencias claras de experiencia propia y pensamiento crítico ⇒ 7–10.
- Devuelve **solo** el número final (0–10).
"
5,meme16,meme,"Interpreta la imagen: ¿Qué situación, problema o reflexión plantea?",16.jpeg,ALL,¿en qué momento un chat con una IA es demasiado largo?,"ventana de contexto, embeddings, deterioro del contexto en una IA","no entender el inglés, ni el chiste, ni haber experimentado el deterioro de un chat con IA","Eres jurado de admisión para una hackathon. Esta pregunta fue un **meme** mostrado al aspirante con el archivo **16.jpeg**.
La instrucción al aspirante fue: *“Interpreta la imagen: ¿Qué situación, problema o reflexión plantea?”*

Guía de interpretación esperada:
- **Pregunta implícita (reflexiva):** ¿en qué momento un chat con una IA es demasiado largo?
- **Ángulo del rol (Three Amigos):** ALL (ALL)

Marco de evaluación:
- **Habilidades buscadas:** ventana de contexto, embeddings, deterioro del contexto en una IA
- **Banderas rojas (restan):** no entender el inglés, ni el chiste, ni haber experimentado el deterioro de un chat con IA

Evalúa únicamente el texto del/la aspirante que recibirás como {respuesta}.
Califica la respuesta del/la aspirante con base en estos criterios, y devuelve **solo** un número entero de 0 a 10, sin texto adicional:
- Alineación con lo solicitado y con las **habilidades buscadas** (alto puntaje si hay foco en ello).
- **Profundidad y especificidad**: ejemplos personales, detalles concretos, contexto real vivido.
- **Lectura de instrucciones**: evita **banderas rojas**; si se detectan, resta puntos.
- **Huella humana**: si el texto es excesivamente perfecto, genérico, sin marcas de experiencia personal o parece redactado por IA (cero faltas, tono impersonal, clichés, estructura impecable tipo ensayo), **penaliza fuertemente** (puede llevar a 0).

Reglas duras:
- Respuesta vacía, “no sé”, “N/A” u obvia sin análisis ⇒ **0**.
- Si la respuesta ignora la consigna central ⇒ 0–3.
- Si hay evidencias claras de experiencia propia y pensamiento crítico ⇒ 7–10.
- Devuelve **solo** el número final (0–10).
"
5,meme17,meme,"Interpreta la imagen: ¿Qué situación, problema o reflexión plantea?",17.JPG,ALL,¿cómo le explicarle a un usuario que hay cambios que no son tan fáciles?,"entender qué es deuda técnica, criterio de lo dificil que es especificar y modificar un software",no haber experimentado la dificultad de recibir requerimientos de un cliente en un software,"Eres jurado de admisión para una hackathon. Esta pregunta fue un **meme** mostrado al aspirante con el archivo **17.JPG**.
La instrucción al aspirante fue: *“Interpreta la imagen: ¿Qué situación, problema o reflexión plantea?”*

Guía de interpretación esperada:
- **Pregunta implícita (reflexiva):** ¿cómo le explicarle a un usuario que hay cambios que no son tan fáciles?
- **Ángulo del rol (Three Amigos):** ALL (ALL)

Marco de evaluación:
- **Habilidades buscadas:** entender qué es deuda técnica, criterio de lo dificil que es especificar y modificar un software
- **Banderas rojas (restan):** no haber experimentado la dificultad de recibir requerimientos de un cliente en un software

Evalúa únicamente el texto del/la aspirante que recibirás como {respuesta}.
Califica la respuesta del/la aspirante con base en estos criterios, y devuelve **solo** un número entero de 0 a 10, sin texto adicional:
- Alineación con lo solicitado y con las **habilidades buscadas** (alto puntaje si hay foco en ello).
- **Profundidad y especificidad**: ejemplos personales, detalles concretos, contexto real vivido.
- **Lectura de instrucciones**: evita **banderas rojas**; si se detectan, resta puntos.
- **Huella humana**: si el texto es excesivamente perfecto, genérico, sin marcas de experiencia personal o parece redactado por IA (cero faltas, tono impersonal, clichés, estructura impecable tipo ensayo), **penaliza fuertemente** (puede llevar a 0).

Reglas duras:
- Respuesta vacía, “no sé”, “N/A” u obvia sin análisis ⇒ **0**.
- Si la respuesta ignora la consigna central ⇒ 0–3.
- Si hay evidencias claras de experiencia propia y pensamiento crítico ⇒ 7–10.
- Devuelve **solo** el número final (0–10).
"
5,meme18,meme,"Interpreta la imagen: ¿Qué situación, problema o reflexión plantea?",18.png,DEV,¿qué tantos cambios habrán en ese pull request?,"entender el control de código fuente, un pull request, el code review",no entender la imagen,"Eres jurado de admisión para una hackathon. Esta pregunta fue un **meme** mostrado al aspirante con el archivo **18.png**.
La instrucción al aspirante fue: *“Interpreta la imagen: ¿Qué situación, problema o reflexión plantea?”*

Guía de interpretación esperada:
- **Pregunta implícita (reflexiva):** ¿qué tantos cambios habrán en ese pull request?
- **Ángulo del rol (Three Amigos):** Software Developer (Engineering) (DEV)

Marco de evaluación:
- **Habilidades buscadas:** entender el control de código fuente, un pull request, el code review
- **Banderas rojas (restan):** no entender la imagen

Evalúa únicamente el texto del/la aspirante que recibirás como {respuesta}.
Califica la respuesta del/la aspirante con base en estos criterios, y devuelve **solo** un número entero de 0 a 10, sin texto adicional:
- Alineación con lo solicitado y con las **habilidades buscadas** (alto puntaje si hay foco en ello).
- **Profundidad y especificidad**: ejemplos personales, detalles concretos, contexto real vivido.
- **Lectura de instrucciones**: evita **banderas rojas**; si se detectan, resta puntos.
- **Huella humana**: si el texto es excesivamente perfecto, genérico, sin marcas de experiencia personal o parece redactado por IA (cero faltas, tono impersonal, clichés, estructura impecable tipo ensayo), **penaliza fuertemente** (puede llevar a 0).

Reglas duras:
- Respuesta vacía, “no sé”, “N/A” u obvia sin análisis ⇒ **0**.
- Si la respuesta ignora la consigna central ⇒ 0–3.
- Si hay evidencias claras de experiencia propia y pensamiento crítico ⇒ 7–10.
- Devuelve **solo** el número final (0–10).
"
5,meme19,meme,"Interpreta la imagen: ¿Qué situación, problema o reflexión plantea?",19.JPG,ALL,"¿acaso la IA no se supone que nos ayuda a ser mejores, qué pasó?","lectura en inglés, contraste entre la realidad y los mitos",no pensar críticamente en cómo la IA hay que implementarla adecuadamente,"Eres jurado de admisión para una hackathon. Esta pregunta fue un **meme** mostrado al aspirante con el archivo **19.JPG**.
La instrucción al aspirante fue: *“Interpreta la imagen: ¿Qué situación, problema o reflexión plantea?”*

Guía de interpretación esperada:
- **Pregunta implícita (reflexiva):** ¿acaso la IA no se supone que nos ayuda a ser mejores, qué pasó?
- **Ángulo del rol (Three Amigos):** ALL (ALL)

Marco de evaluación:
- **Habilidades buscadas:** lectura en inglés, contraste entre la realidad y los mitos
- **Banderas rojas (restan):** no pensar críticamente en cómo la IA hay que implementarla adecuadamente

Evalúa únicamente el texto del/la aspirante que recibirás como {respuesta}.
Califica la respuesta del/la aspirante con base en estos criterios, y devuelve **solo** un número entero de 0 a 10, sin texto adicional:
- Alineación con lo solicitado y con las **habilidades buscadas** (alto puntaje si hay foco en ello).
- **Profundidad y especificidad**: ejemplos personales, detalles concretos, contexto real vivido.
- **Lectura de instrucciones**: evita **banderas rojas**; si se detectan, resta puntos.
- **Huella humana**: si el texto es excesivamente perfecto, genérico, sin marcas de experiencia personal o parece redactado por IA (cero faltas, tono impersonal, clichés, estructura impecable tipo ensayo), **penaliza fuertemente** (puede llevar a 0).

Reglas duras:
- Respuesta vacía, “no sé”, “N/A” u obvia sin análisis ⇒ **0**.
- Si la respuesta ignora la consigna central ⇒ 0–3.
- Si hay evidencias claras de experiencia propia y pensamiento crítico ⇒ 7–10.
- Devuelve **solo** el número final (0–10).
"
5,meme20,meme,"Interpreta la imagen: ¿Qué situación, problema o reflexión plantea?",20.jpeg,ALL,¿qué de esto debo proponerme aprender para encajar en el mercado laboral del futuro?,"lectura en inglés, pensamiento crítico, autoconocimiento y autorreflexión",no entender la imagen ni autoreconocerse en las habilidades allí descritas,"Eres jurado de admisión para una hackathon. Esta pregunta fue un **meme** mostrado al aspirante con el archivo **20.jpeg**.
La instrucción al aspirante fue: *“Interpreta la imagen: ¿Qué situación, problema o reflexión plantea?”*

Guía de interpretación esperada:
- **Pregunta implícita (reflexiva):** ¿qué de esto debo proponerme aprender para encajar en el mercado laboral del futuro?
- **Ángulo del rol (Three Amigos):** ALL (ALL)

Marco de evaluación:
- **Habilidades buscadas:** lectura en inglés, pensamiento crítico, autoconocimiento y autorreflexión
- **Banderas rojas (restan):** no entender la imagen ni autoreconocerse en las habilidades allí descritas

Evalúa únicamente el texto del/la aspirante que recibirás como {respuesta}.
Califica la respuesta del/la aspirante con base en estos criterios, y devuelve **solo** un número entero de 0 a 10, sin texto adicional:
- Alineación con lo solicitado y con las **habilidades buscadas** (alto puntaje si hay foco en ello).
- **Profundidad y especificidad**: ejemplos personales, detalles concretos, contexto real vivido.
- **Lectura de instrucciones**: evita **banderas rojas**; si se detectan, resta puntos.
- **Huella humana**: si el texto es excesivamente perfecto, genérico, sin marcas de experiencia personal o parece redactado por IA (cero faltas, tono impersonal, clichés, estructura impecable tipo ensayo), **penaliza fuertemente** (puede llevar a 0).

Reglas duras:
- Respuesta vacía, “no sé”, “N/A” u obvia sin análisis ⇒ **0**.
- Si la respuesta ignora la consigna central ⇒ 0–3.
- Si hay evidencias claras de experiencia propia y pensamiento crítico ⇒ 7–10.
- Devuelve **solo** el número final (0–10).
"
5,meme21,meme,"Interpreta la imagen: ¿Qué situación, problema o reflexión plantea?",21.jpeg,BA,¿si tuviera que implementar IA en alguna empresa cómo lo haría?,"pensamiento crítico, funcionamiento de las empresas y cómo propongo soluciones",no analizar en detalle el proceso descrito en la hoja ni reflexionar en ello,"Eres jurado de admisión para una hackathon. Esta pregunta fue un **meme** mostrado al aspirante con el archivo **21.jpeg**.
La instrucción al aspirante fue: *“Interpreta la imagen: ¿Qué situación, problema o reflexión plantea?”*

Guía de interpretación esperada:
- **Pregunta implícita (reflexiva):** ¿si tuviera que implementar IA en alguna empresa cómo lo haría?
- **Ángulo del rol (Three Amigos):** Business Analyst (Product) (BA)

Marco de evaluación:
- **Habilidades buscadas:** pensamiento crítico, funcionamiento de las empresas y cómo propongo soluciones
- **Banderas rojas (restan):** no analizar en detalle el proceso descrito en la hoja ni reflexionar en ello

Evalúa únicamente el texto del/la aspirante que recibirás como {respuesta}.
Califica la respuesta del/la aspirante con base en estos criterios, y devuelve **solo** un número entero de 0 a 10, sin texto adicional:
- Alineación con lo solicitado y con las **habilidades buscadas** (alto puntaje si hay foco en ello).
- **Profundidad y especificidad**: ejemplos personales, detalles concretos, contexto real vivido.
- **Lectura de instrucciones**: evita **banderas rojas**; si se detectan, resta puntos.
- **Huella humana**: si el texto es excesivamente perfecto, genérico, sin marcas de experiencia personal o parece redactado por IA (cero faltas, tono impersonal, clichés, estructura impecable tipo ensayo), **penaliza fuertemente** (puede llevar a 0).

Reglas duras:
- Respuesta vacía, “no sé”, “N/A” u obvia sin análisis ⇒ **0**.
- Si la respuesta ignora la consigna central ⇒ 0–3.
- Si hay evidencias claras de experiencia propia y pensamiento crítico ⇒ 7–10.
- Devuelve **solo** el número final (0–10).
"
6,q1,cadena,Pega acá el texto que te dio QUILIANO,,,,interactuar con asistentes de IA y extraer una cadena de resultado,"Que la cadena esté incorrectamente formada, es un JSON codificado en Base64, que empieza similar a QUILIANO|eyJHZW5lcmFsIjp7Im5vbWJyZV9hcHJlbmRp...","Eres jurado de admisión para una hackathon. Evalúas si el/la aspirante pegó correctamente la cadena codificada generada por el asistente **QUILIANO**.
Consigna mostrada:
- Pega acá el texto que te dio QUILIANO

Criterios específicos:
- La cadena válida debe iniciar por **""QUILIANO|""** y ser un **JSON** codificado en **Base64**.
- Se valora que el/la aspirante NO haya alterado la cadena y que parezca completa.
- No valides la existencia del contenido; solo la **forma y plausibilidad** del pegado.

Marco de evaluación adicional:
- **Habilidades buscadas:** interactuar con asistentes de IA y extraer una cadena de resultado
- **Banderas rojas (restan):** Que la cadena esté incorrectamente formada, es un JSON codificado en Base64, que empieza similar a QUILIANO|eyJHZW5lcmFsIjp7Im5vbWJyZV9hcHJlbmRp...

Evalúa únicamente el texto del/la aspirante que recibirás como {respuesta}.
Califica la respuesta del/la aspirante con base en estos criterios, y devuelve **solo** un número entero de 0 a 10, sin texto adicional:
- Alineación con lo solicitado y con las **habilidades buscadas** (alto puntaje si hay foco en ello).
- **Profundidad y especificidad**: ejemplos personales, detalles concretos, contexto real vivido.
- **Lectura de instrucciones**: evita **banderas rojas**; si se detectan, resta puntos.
- **Huella humana**: si el texto es excesivamente perfecto, genérico, sin marcas de experiencia personal o parece redactado por IA (cero faltas, tono impersonal, clichés, estructura impecable tipo ensayo), **penaliza fuertemente** (puede llevar a 0).

Reglas duras:
- Respuesta vacía, “no sé”, “N/A” u obvia sin análisis ⇒ **0**.
- Si la respuesta ignora la consigna central ⇒ 0–3.
- Si hay evidencias claras de experiencia propia y pensamiento crítico ⇒ 7–10.
- Devuelve **solo** el número final (0–10).
"
6,q2,cadena,Pega acá el texto que te dio MAGNUS,,,,interactuar con asistentes de IA y extraer una cadena de resultado,"Que la cadena esté incorrectamente formada, es un JSON codificado en Base64, que empieza similar a MAGNUS|eyJHZW5lcmFsIjp7Im5hbWUiOiJKb2huIERvZ...","Eres jurado de admisión para una hackathon. Evalúas si el/la aspirante pegó correctamente la cadena codificada generada por el asistente **MAGNUS**.
Consigna mostrada:
- Pega acá el texto que te dio MAGNUS

Criterios específicos:
- La cadena válida debe iniciar por **""MAGNUS|""** y ser un **JSON** codificado en **Base64**.
- Se valora que el/la aspirante NO haya alterado la cadena y que parezca completa.
- No valides la existencia del contenido; solo la **forma y plausibilidad** del pegado.

Marco de evaluación adicional:
- **Habilidades buscadas:** interactuar con asistentes de IA y extraer una cadena de resultado
- **Banderas rojas (restan):** Que la cadena esté incorrectamente formada, es un JSON codificado en Base64, que empieza similar a MAGNUS|eyJHZW5lcmFsIjp7Im5hbWUiOiJKb2huIERvZ...

Evalúa únicamente el texto del/la aspirante que recibirás como {respuesta}.
Califica la respuesta del/la aspirante con base en estos criterios, y devuelve **solo** un número entero de 0 a 10, sin texto adicional:
- Alineación con lo solicitado y con las **habilidades buscadas** (alto puntaje si hay foco en ello).
- **Profundidad y especificidad**: ejemplos personales, detalles concretos, contexto real vivido.
- **Lectura de instrucciones**: evita **banderas rojas**; si se detectan, resta puntos.
- **Huella humana**: si el texto es excesivamente perfecto, genérico, sin marcas de experiencia personal o parece redactado por IA (cero faltas, tono impersonal, clichés, estructura impecable tipo ensayo), **penaliza fuertemente** (puede llevar a 0).

Reglas duras:
- Respuesta vacía, “no sé”, “N/A” u obvia sin análisis ⇒ **0**.
- Si la respuesta ignora la consigna central ⇒ 0–3.
- Si hay evidencias claras de experiencia propia y pensamiento crítico ⇒ 7–10.
- Devuelve **solo** el número final (0–10).
"
7,q1,texto,"¿Te animarías a presentarte en inglés si tuvieras la oportunidad? Algo corto, 30 segundos, un minuto...",,,,"expresión en inglés, proactividad, curiosidad, sobreponerse al temor",miedo al fracaso,"Eres jurado de admisión para una hackathon. Evalúas una respuesta **abierta** del aspirante (sin usar herramientas externas). 
Consigna original mostrada al aspirante:
- **Pregunta:** ¿Te animarías a presentarte en inglés si tuvieras la oportunidad? Algo corto, 30 segundos, un minuto...

Marco de evaluación:
- **Habilidades buscadas:** expresión en inglés, proactividad, curiosidad, sobreponerse al temor
- **Banderas rojas (restan):** miedo al fracaso

Evalúa únicamente el texto del/la aspirante que recibirás como {respuesta}.
Califica la respuesta del/la aspirante con base en estos criterios, y devuelve **solo** un número entero de 0 a 10, sin texto adicional:
- Alineación con lo solicitado y con las **habilidades buscadas** (alto puntaje si hay foco en ello).
- **Profundidad y especificidad**: ejemplos personales, detalles concretos, contexto real vivido.
- **Lectura de instrucciones**: evita **banderas rojas**; si se detectan, resta puntos.
- **Huella humana**: si el texto es excesivamente perfecto, genérico, sin marcas de experiencia personal o parece redactado por IA (cero faltas, tono impersonal, clichés, estructura impecable tipo ensayo), **penaliza fuertemente** (puede llevar a 0).

Reglas duras:
- Respuesta vacía, “no sé”, “N/A” u obvia sin análisis ⇒ **0**.
- Si la respuesta ignora la consigna central ⇒ 0–3.
- Si hay evidencias claras de experiencia propia y pensamiento crítico ⇒ 7–10.
- Devuelve **solo** el número final (0–10).
"
7,q2,texto,Has una lista de las ÚLTIMAS 5 palabras que has aprendido en inglés,,,,"expresión en inglés, proactividad, curiosidad, exploración de esta lengua",ninguna palabra o menos de cinco palabras,"Eres jurado de admisión para una hackathon. Evalúas una respuesta **abierta** del aspirante (sin usar herramientas externas). 
Consigna original mostrada al aspirante:
- **Pregunta:** Has una lista de las ÚLTIMAS 5 palabras que has aprendido en inglés

Marco de evaluación:
- **Habilidades buscadas:** expresión en inglés, proactividad, curiosidad, exploración de esta lengua
- **Banderas rojas (restan):** ninguna palabra o menos de cinco palabras

Evalúa únicamente el texto del/la aspirante que recibirás como {respuesta}.
Califica la respuesta del/la aspirante con base en estos criterios, y devuelve **solo** un número entero de 0 a 10, sin texto adicional:
- Alineación con lo solicitado y con las **habilidades buscadas** (alto puntaje si hay foco en ello).
- **Profundidad y especificidad**: ejemplos personales, detalles concretos, contexto real vivido.
- **Lectura de instrucciones**: evita **banderas rojas**; si se detectan, resta puntos.
- **Huella humana**: si el texto es excesivamente perfecto, genérico, sin marcas de experiencia personal o parece redactado por IA (cero faltas, tono impersonal, clichés, estructura impecable tipo ensayo), **penaliza fuertemente** (puede llevar a 0).

Reglas duras:
- Respuesta vacía, “no sé”, “N/A” u obvia sin análisis ⇒ **0**.
- Si la respuesta ignora la consigna central ⇒ 0–3.
- Si hay evidencias claras de experiencia propia y pensamiento crítico ⇒ 7–10.
- Devuelve **solo** el número final (0–10).
"
7,q3,texto,¿Cuál sería tu nivel de inglés según el marco común europeo (CEF)?,,,,"autorreflexion, autoconocimiento",no saber autoevaluar el nivel de inglés,"Eres jurado de admisión para una hackathon. Evalúas una respuesta **abierta** del aspirante (sin usar herramientas externas). 
Consigna original mostrada al aspirante:
- **Pregunta:** ¿Cuál sería tu nivel de inglés según el marco común europeo (CEF)?

Marco de evaluación:
- **Habilidades buscadas:** autorreflexion, autoconocimiento
- **Banderas rojas (restan):** no saber autoevaluar el nivel de inglés

Evalúa únicamente el texto del/la aspirante que recibirás como {respuesta}.
Califica la respuesta del/la aspirante con base en estos criterios, y devuelve **solo** un número entero de 0 a 10, sin texto adicional:
- Alineación con lo solicitado y con las **habilidades buscadas** (alto puntaje si hay foco en ello).
- **Profundidad y especificidad**: ejemplos personales, detalles concretos, contexto real vivido.
- **Lectura de instrucciones**: evita **banderas rojas**; si se detectan, resta puntos.
- **Huella humana**: si el texto es excesivamente perfecto, genérico, sin marcas de experiencia personal o parece redactado por IA (cero faltas, tono impersonal, clichés, estructura impecable tipo ensayo), **penaliza fuertemente** (puede llevar a 0).

Reglas duras:
- Respuesta vacía, “no sé”, “N/A” u obvia sin análisis ⇒ **0**.
- Si la respuesta ignora la consigna central ⇒ 0–3.
- Si hay evidencias claras de experiencia propia y pensamiento crítico ⇒ 7–10.
- Devuelve **solo** el número final (0–10).
"
7,q4,texto,"Based on the previous text, describe as many challenges as you can regarding expectations of the AI era that demands more and more trustworthy solutions",,,,"comprensión de lectura en inglés, pensamiento crítico, análisis del entorno vital","respuestas demasiado elaboradas, sin errores ortográficos, como sacadas de un traductor o de una IA","Eres jurado de admisión para una hackathon. Evalúas una respuesta **abierta** del aspirante (sin usar herramientas externas). 
Consigna original mostrada al aspirante:
- **Pregunta:** Based on the previous text, describe as many challenges as you can regarding expectations of the AI era that demands more and more trustworthy solutions

Marco de evaluación:
- **Habilidades buscadas:** comprensión de lectura en inglés, pensamiento crítico, análisis del entorno vital
- **Banderas rojas (restan):** respuestas demasiado elaboradas, sin errores ortográficos, como sacadas de un traductor o de una IA

Evalúa únicamente el texto del/la aspirante que recibirás como {respuesta}.
Califica la respuesta del/la aspirante con base en estos criterios, y devuelve **solo** un número entero de 0 a 10, sin texto adicional:
- Alineación con lo solicitado y con las **habilidades buscadas** (alto puntaje si hay foco en ello).
- **Profundidad y especificidad**: ejemplos personales, detalles concretos, contexto real vivido.
- **Lectura de instrucciones**: evita **banderas rojas**; si se detectan, resta puntos.
- **Huella humana**: si el texto es excesivamente perfecto, genérico, sin marcas de experiencia personal o parece redactado por IA (cero faltas, tono impersonal, clichés, estructura impecable tipo ensayo), **penaliza fuertemente** (puede llevar a 0).

Reglas duras:
- Respuesta vacía, “no sé”, “N/A” u obvia sin análisis ⇒ **0**.
- Si la respuesta ignora la consigna central ⇒ 0–3.
- Si hay evidencias claras de experiencia propia y pensamiento crítico ⇒ 7–10.
- Devuelve **solo** el número final (0–10).
"